{
  "timestamp": 1766486084.2100813,
  "platform": "win32",
  "results": [
    {
      "name": "CytoScnPy (Rust)",
      "time": 0.04097270965576172,
      "memory_mb": 8.8671875,
      "issues": 102,
      "f1_score": 0.7148288973384032,
      "stats": {
        "overall": {
          "TP": 94,
          "FP": 37,
          "FN": 38,
          "Precision": 0.7175572519083969,
          "Recall": 0.7121212121212122,
          "F1": 0.7148288973384032
        },
        "class": {
          "TP": 11,
          "FP": 5,
          "FN": 3,
          "Precision": 0.6875,
          "Recall": 0.7857142857142857,
          "F1": 0.7333333333333334
        },
        "function": {
          "TP": 45,
          "FP": 16,
          "FN": 6,
          "Precision": 0.7377049180327869,
          "Recall": 0.8823529411764706,
          "F1": 0.8035714285714285
        },
        "import": {
          "TP": 8,
          "FP": 6,
          "FN": 12,
          "Precision": 0.5714285714285714,
          "Recall": 0.4,
          "F1": 0.47058823529411764
        },
        "method": {
          "TP": 25,
          "FP": 4,
          "FN": 2,
          "Precision": 0.8620689655172413,
          "Recall": 0.9259259259259259,
          "F1": 0.8928571428571429
        },
        "variable": {
          "TP": 5,
          "FP": 6,
          "FN": 15,
          "Precision": 0.45454545454545453,
          "Recall": 0.25,
          "F1": 0.3225806451612903
        },
        "Tool": "CytoScnPy (Rust)"
      }
    },
    {
      "name": "CytoScnPy (Python)",
      "time": 0.07643365859985352,
      "memory_mb": 19.2109375,
      "issues": 92,
      "f1_score": 0.642570281124498,
      "stats": {
        "overall": {
          "TP": 80,
          "FP": 37,
          "FN": 52,
          "Precision": 0.6837606837606838,
          "Recall": 0.6060606060606061,
          "F1": 0.642570281124498
        },
        "class": {
          "TP": 11,
          "FP": 5,
          "FN": 3,
          "Precision": 0.6875,
          "Recall": 0.7857142857142857,
          "F1": 0.7333333333333334
        },
        "function": {
          "TP": 37,
          "FP": 16,
          "FN": 14,
          "Precision": 0.6981132075471698,
          "Recall": 0.7254901960784313,
          "F1": 0.7115384615384615
        },
        "import": {
          "TP": 8,
          "FP": 6,
          "FN": 12,
          "Precision": 0.5714285714285714,
          "Recall": 0.4,
          "F1": 0.47058823529411764
        },
        "method": {
          "TP": 21,
          "FP": 4,
          "FN": 6,
          "Precision": 0.84,
          "Recall": 0.7777777777777778,
          "F1": 0.8076923076923077
        },
        "variable": {
          "TP": 3,
          "FP": 6,
          "FN": 17,
          "Precision": 0.3333333333333333,
          "Recall": 0.15,
          "F1": 0.20689655172413793
        },
        "Tool": "CytoScnPy (Python)"
      }
    },
    {
      "name": "Skylos",
      "time": 1.2845940589904785,
      "memory_mb": 64.97265625,
      "issues": 93,
      "f1_score": 0.568888888888889,
      "stats": {
        "overall": {
          "TP": 64,
          "FP": 29,
          "FN": 68,
          "Precision": 0.6881720430107527,
          "Recall": 0.48484848484848486,
          "F1": 0.568888888888889
        },
        "class": {
          "TP": 11,
          "FP": 8,
          "FN": 3,
          "Precision": 0.5789473684210527,
          "Recall": 0.7857142857142857,
          "F1": 0.6666666666666667
        },
        "function": {
          "TP": 29,
          "FP": 6,
          "FN": 22,
          "Precision": 0.8285714285714286,
          "Recall": 0.5686274509803921,
          "F1": 0.6744186046511628
        },
        "import": {
          "TP": 5,
          "FP": 7,
          "FN": 15,
          "Precision": 0.4166666666666667,
          "Recall": 0.25,
          "F1": 0.3125
        },
        "method": {
          "TP": 16,
          "FP": 4,
          "FN": 11,
          "Precision": 0.8,
          "Recall": 0.5925925925925926,
          "F1": 0.6808510638297872
        },
        "variable": {
          "TP": 3,
          "FP": 4,
          "FN": 17,
          "Precision": 0.42857142857142855,
          "Recall": 0.15,
          "F1": 0.2222222222222222
        },
        "Tool": "Skylos"
      }
    },
    {
      "name": "Vulture (0%)",
      "time": 0.21647214889526367,
      "memory_mb": 20.359375,
      "issues": 148,
      "f1_score": 0.652014652014652,
      "stats": {
        "overall": {
          "TP": 89,
          "FP": 52,
          "FN": 43,
          "Precision": 0.6312056737588653,
          "Recall": 0.6742424242424242,
          "F1": 0.652014652014652
        },
        "class": {
          "TP": 11,
          "FP": 8,
          "FN": 3,
          "Precision": 0.5789473684210527,
          "Recall": 0.7857142857142857,
          "F1": 0.6666666666666667
        },
        "function": {
          "TP": 47,
          "FP": 21,
          "FN": 4,
          "Precision": 0.6911764705882353,
          "Recall": 0.9215686274509803,
          "F1": 0.7899159663865546
        },
        "import": {
          "TP": 7,
          "FP": 4,
          "FN": 13,
          "Precision": 0.6363636363636364,
          "Recall": 0.35,
          "F1": 0.45161290322580644
        },
        "method": {
          "TP": 19,
          "FP": 5,
          "FN": 8,
          "Precision": 0.7916666666666666,
          "Recall": 0.7037037037037037,
          "F1": 0.7450980392156864
        },
        "variable": {
          "TP": 5,
          "FP": 14,
          "FN": 15,
          "Precision": 0.2631578947368421,
          "Recall": 0.25,
          "F1": 0.25641025641025644
        },
        "Tool": "Vulture (0%)"
      }
    },
    {
      "name": "Vulture (60%)",
      "time": 0.18949651718139648,
      "memory_mb": 20.32421875,
      "issues": 148,
      "f1_score": 0.652014652014652,
      "stats": {
        "overall": {
          "TP": 89,
          "FP": 52,
          "FN": 43,
          "Precision": 0.6312056737588653,
          "Recall": 0.6742424242424242,
          "F1": 0.652014652014652
        },
        "class": {
          "TP": 11,
          "FP": 8,
          "FN": 3,
          "Precision": 0.5789473684210527,
          "Recall": 0.7857142857142857,
          "F1": 0.6666666666666667
        },
        "function": {
          "TP": 47,
          "FP": 21,
          "FN": 4,
          "Precision": 0.6911764705882353,
          "Recall": 0.9215686274509803,
          "F1": 0.7899159663865546
        },
        "import": {
          "TP": 7,
          "FP": 4,
          "FN": 13,
          "Precision": 0.6363636363636364,
          "Recall": 0.35,
          "F1": 0.45161290322580644
        },
        "method": {
          "TP": 19,
          "FP": 5,
          "FN": 8,
          "Precision": 0.7916666666666666,
          "Recall": 0.7037037037037037,
          "F1": 0.7450980392156864
        },
        "variable": {
          "TP": 5,
          "FP": 14,
          "FN": 15,
          "Precision": 0.2631578947368421,
          "Recall": 0.25,
          "F1": 0.25641025641025644
        },
        "Tool": "Vulture (60%)"
      }
    },
    {
      "name": "Flake8",
      "time": 1.1898536682128906,
      "memory_mb": 273.25390625,
      "issues": 177,
      "f1_score": 0.1951219512195122,
      "stats": {
        "overall": {
          "TP": 16,
          "FP": 16,
          "FN": 116,
          "Precision": 0.5,
          "Recall": 0.12121212121212122,
          "F1": 0.1951219512195122
        },
        "class": {
          "TP": 0,
          "FP": 0,
          "FN": 14,
          "Precision": 0,
          "Recall": 0.0,
          "F1": 0
        },
        "function": {
          "TP": 0,
          "FP": 0,
          "FN": 51,
          "Precision": 0,
          "Recall": 0.0,
          "F1": 0
        },
        "import": {
          "TP": 16,
          "FP": 16,