{
  "timestamp": 1767412490.4949312,
  "platform": "linux",
  "results": [
    {
      "name": "CytoScnPy (Rust)",
      "time": 0.014048099517822266,
      "memory_mb": 0.80078125,
      "issues": 129,
      "f1_score": 0.6770428015564203,
      "stats": {
        "overall": {
          "TP": 87,
          "FP": 35,
          "FN": 48,
          "Precision": 0.7131147540983607,
          "Recall": 0.6444444444444445,
          "F1": 0.6770428015564203
        },
        "class": {
          "TP": 11,
          "FP": 4,
          "FN": 3,
          "Precision": 0.7333333333333333,
          "Recall": 0.7857142857142857,
          "F1": 0.7586206896551724
        },
        "function": {
          "TP": 40,
          "FP": 16,
          "FN": 14,
          "Precision": 0.7142857142857143,
          "Recall": 0.7407407407407407,
          "F1": 0.7272727272727273
        },
        "import": {
          "TP": 8,
          "FP": 4,
          "FN": 12,
          "Precision": 0.6666666666666666,
          "Recall": 0.4,
          "F1": 0.5
        },
        "method": {
          "TP": 25,
          "FP": 4,
          "FN": 2,
          "Precision": 0.8620689655172413,
          "Recall": 0.9259259259259259,
          "F1": 0.8928571428571429
        },
        "variable": {
          "TP": 3,
          "FP": 7,
          "FN": 17,
          "Precision": 0.3,
          "Recall": 0.15,
          "F1": 0.2
        },
        "Tool": "CytoScnPy (Rust)"
      }
    },
    {
      "name": "CytoScnPy (Python)",
      "time": 0.026905059814453125,
      "memory_mb": 9.25390625,
      "issues": 129,
      "f1_score": 0.6770428015564203,
      "stats": {
        "overall": {
          "TP": 87,
          "FP": 35,
          "FN": 48,
          "Precision": 0.7131147540983607,
          "Recall": 0.6444444444444445,
          "F1": 0.6770428015564203
        },
        "class": {
          "TP": 11,
          "FP": 4,
          "FN": 3,
          "Precision": 0.7333333333333333,
          "Recall": 0.7857142857142857,
          "F1": 0.7586206896551724
        },
        "function": {
          "TP": 40,
          "FP": 16,
          "FN": 14,
          "Precision": 0.7142857142857143,
          "Recall": 0.7407407407407407,
          "F1": 0.7272727272727273
        },
        "import": {
          "TP": 8,
          "FP": 4,
          "FN": 12,
          "Precision": 0.6666666666666666,
          "Recall": 0.4,
          "F1": 0.5
        },
        "method": {
          "TP": 25,
          "FP": 4,
          "FN": 2,
          "Precision": 0.8620689655172413,
          "Recall": 0.9259259259259259,
          "F1": 0.8928571428571429
        },
        "variable": {
          "TP": 3,
          "FP": 7,
          "FN": 17,
          "Precision": 0.3,
          "Recall": 0.15,
          "F1": 0.2
        },
        "Tool": "CytoScnPy (Python)"
      }
    },
    {
      "name": "Skylos",
      "time": 0.5113050937652588,
      "memory_mb": 47.39453125,
      "issues": 91,
      "f1_score": 0.575221238938053,
      "stats": {
        "overall": {
          "TP": 65,
          "FP": 26,
          "FN": 70,
          "Precision": 0.7142857142857143,
          "Recall": 0.48148148148148145,
          "F1": 0.575221238938053
        },
        "class": {
          "TP": 11,
          "FP": 6,
          "FN": 3,
          "Precision": 0.6470588235294118,
          "Recall": 0.7857142857142857,
          "F1": 0.7096774193548386
        },
        "function": {
          "TP": 29,
          "FP": 6,
          "FN": 25,
          "Precision": 0.8285714285714286,
          "Recall": 0.5370370370370371,
          "F1": 0.651685393258427
        },
        "import": {
          "TP": 6,
          "FP": 5,
          "FN": 14,
          "Precision": 0.5454545454545454,
          "Recall": 0.3,
          "F1": 0.3870967741935483
        },
        "method": {
          "TP": 16,
          "FP": 4,
          "FN": 11,
          "Precision": 0.8,
          "Recall": 0.5925925925925926,
          "F1": 0.6808510638297872
        },
        "variable": {
          "TP": 3,
          "FP": 5,
          "FN": 17,
          "Precision": 0.375,
          "Recall": 0.15,
          "F1": 0.21428571428571425
        },
        "Tool": "Skylos"
      }
    },
    {
      "name": "Vulture (0%)",
      "time": 0.09132862091064453,
      "memory_mb": 14.7578125,
      "issues": 158,
      "f1_score": 0.6433566433566432,
      "stats": {
        "overall": {
          "TP": 92,
          "FP": 59,
          "FN": 43,
          "Precision": 0.609271523178808,
          "Recall": 0.6814814814814815,
          "F1": 0.6433566433566432
        },
        "class": {
          "TP": 11,
          "FP": 7,
          "FN": 3,
          "Precision": 0.6111111111111112,
          "Recall": 0.7857142857142857,
          "F1": 0.6875000000000001
        },
        "function": {
          "TP": 50,
          "FP": 25,
          "FN": 4,
          "Precision": 0.6666666666666666,
          "Recall": 0.9259259259259259,
          "F1": 0.7751937984496123
        },
        "import": {
          "TP": 7,
          "FP": 4,
          "FN": 13,
          "Precision": 0.6363636363636364,
          "Recall": 0.35,
          "F1": 0.45161290322580644
        },
        "method": {
          "TP": 19,
          "FP": 5,
          "FN": 8,
          "Precision": 0.7916666666666666,
          "Recall": 0.7037037037037037,
          "F1": 0.7450980392156864
        },
        "variable": {
          "TP": 5,
          "FP": 18,
          "FN": 15,
          "Precision": 0.21739130434782608,
          "Recall": 0.25,
          "F1": 0.23255813953488372
        },
        "Tool": "Vulture (0%)"
      }
    },
    {
      "name": "Vulture (60%)",
      "time": 0.09359240531921387,
      "memory_mb": 14.87109375,
      "issues": 158,
      "f1_score": 0.6433566433566432,
      "stats": {
        "overall": {
          "TP": 92,
          "FP": 59,
          "FN": 43,
          "Precision": 0.609271523178808,
          "Recall": 0.6814814814814815,
          "F1": 0.6433566433566432
        },
        "class": {
          "TP": 11,
          "FP": 7,
          "FN": 3,
          "Precision": 0.6111111111111112,
          "Recall": 0.7857142857142857,
          "F1": 0.6875000000000001
        },
        "function": {
          "TP": 50,
          "FP": 25,
          "FN": 4,
          "Precision": 0.6666666666666666,
          "Recall": 0.9259259259259259,
          "F1": 0.7751937984496123
        },
        "import": {
          "TP": 7,
          "FP": 4,
          "FN": 13,
          "Precision": 0.6363636363636364,
          "Recall": 0.35,
          "F1": 0.45161290322580644
        },
        "method": {
          "TP": 19,
          "FP": 5,
          "FN": 8,
          "Precision": 0.7916666666666666,
          "Recall": 0.7037037037037037,
          "F1": 0.7450980392156864
        },
        "variable": {
          "TP": 5,
          "FP": 18,
          "FN": 15,
          "Precision": 0.21739130434782608,
          "Recall": 0.25,
          "F1": 0.23255813953488372
        },
        "Tool": "Vulture (60%)"
      }
    },
    {
      "name": "Flake8",
      "time": 0.24770140647888184,
      "memory_mb": 99.78125,
      "issues": 186,
      "f1_score": 0.19161676646706588,
      "stats": {
        "overall": {
          "TP": 16,
          "FP": 16,
          "FN": 119,
          "Precision": 0.5,
          "Recall": 0.11851851851851852,
          "F1": 0.19161676646706588
        },
        "class": {
          "TP": 0,
          "FP": 0,
          "FN": 14,
          "Precision": 0,
          "Recall": 0.0,
          "F1": 0
        },
        "function": {
          "TP": 0,
          "FP": 0,
          "FN": 54,
          "Precision": 0,
          "Recall": 0.0,
          "F1": 0
        },
        "import": {
          "TP": 16,
          "FP": 16,
          "FN": 4,
          "Precision": 0.5,