{
  "timestamp": 1766570218.2668982,
  "platform": "win32",
  "results": [
    {
      "name": "CytoScnPy (Rust)",
      "time": 0.03883218765258789,
      "memory_mb": 9.08984375,
      "issues": 93,
      "f1_score": 0.6692607003891051,
      "stats": {
        "overall": {
          "TP": 86,
          "FP": 36,
          "FN": 49,
          "Precision": 0.7049180327868853,
          "Recall": 0.6370370370370371,
          "F1": 0.6692607003891051
        },
        "class": {
          "TP": 11,
          "FP": 4,
          "FN": 3,
          "Precision": 0.7333333333333333,
          "Recall": 0.7857142857142857,
          "F1": 0.7586206896551724
        },
        "function": {
          "TP": 40,
          "FP": 16,
          "FN": 14,
          "Precision": 0.7142857142857143,
          "Recall": 0.7407407407407407,
          "F1": 0.7272727272727273
        },
        "import": {
          "TP": 7,
          "FP": 5,
          "FN": 13,
          "Precision": 0.5833333333333334,
          "Recall": 0.35,
          "F1": 0.4375
        },
        "method": {
          "TP": 25,
          "FP": 4,
          "FN": 2,
          "Precision": 0.8620689655172413,
          "Recall": 0.9259259259259259,
          "F1": 0.8928571428571429
        },
        "variable": {
          "TP": 3,
          "FP": 7,
          "FN": 17,
          "Precision": 0.3,
          "Recall": 0.15,
          "F1": 0.2
        },
        "Tool": "CytoScnPy (Rust)"
      }
    },
    {
      "name": "CytoScnPy (Python)",
      "time": 0.12061643600463867,
      "memory_mb": 24.57421875,
      "issues": 93,
      "f1_score": 0.6482213438735177,
      "stats": {
        "overall": {
          "TP": 82,
          "FP": 36,
          "FN": 53,
          "Precision": 0.6949152542372882,
          "Recall": 0.6074074074074074,
          "F1": 0.6482213438735177
        },
        "class": {
          "TP": 11,
          "FP": 4,
          "FN": 3,
          "Precision": 0.7333333333333333,
          "Recall": 0.7857142857142857,
          "F1": 0.7586206896551724
        },
        "function": {
          "TP": 40,
          "FP": 16,
          "FN": 14,
          "Precision": 0.7142857142857143,
          "Recall": 0.7407407407407407,
          "F1": 0.7272727272727273
        },
        "import": {
          "TP": 7,
          "FP": 5,
          "FN": 13,
          "Precision": 0.5833333333333334,
          "Recall": 0.35,
          "F1": 0.4375
        },
        "method": {
          "TP": 21,
          "FP": 4,
          "FN": 6,
          "Precision": 0.84,
          "Recall": 0.7777777777777778,
          "F1": 0.8076923076923077
        },
        "variable": {
          "TP": 3,
          "FP": 7,
          "FN": 17,
          "Precision": 0.3,
          "Recall": 0.15,
          "F1": 0.2
        },
        "Tool": "CytoScnPy (Python)"
      }
    },
    {
      "name": "Skylos",
      "time": 1.2725825309753418,
      "memory_mb": 65.375,
      "issues": 92,
      "f1_score": 0.5638766519823789,
      "stats": {
        "overall": {
          "TP": 64,
          "FP": 28,
          "FN": 71,
          "Precision": 0.6956521739130435,
          "Recall": 0.4740740740740741,
          "F1": 0.5638766519823789
        },
        "class": {
          "TP": 11,
          "FP": 7,
          "FN": 3,
          "Precision": 0.6111111111111112,
          "Recall": 0.7857142857142857,
          "F1": 0.6875000000000001
        },
        "function": {
          "TP": 29,
          "FP": 6,
          "FN": 25,
          "Precision": 0.8285714285714286,
          "Recall": 0.5370370370370371,
          "F1": 0.651685393258427
        },
        "import": {
          "TP": 5,
          "FP": 6,
          "FN": 15,
          "Precision": 0.45454545454545453,
          "Recall": 0.25,
          "F1": 0.3225806451612903
        },
        "method": {
          "TP": 16,
          "FP": 4,
          "FN": 11,
          "Precision": 0.8,
          "Recall": 0.5925925925925926,
          "F1": 0.6808510638297872
        },
        "variable": {
          "TP": 3,
          "FP": 5,
          "FN": 17,
          "Precision": 0.375,
          "Recall": 0.15,
          "F1": 0.21428571428571425
        },
        "Tool": "Skylos"
      }
    },
    {
      "name": "Vulture (0%)",
      "time": 0.22306013107299805,
      "memory_mb": 20.2578125,
      "issues": 158,
      "f1_score": 0.6433566433566432,
      "stats": {
        "overall": {
          "TP": 92,
          "FP": 59,
          "FN": 43,
          "Precision": 0.609271523178808,
          "Recall": 0.6814814814814815,
          "F1": 0.6433566433566432
        },
        "class": {
          "TP": 11,
          "FP": 7,
          "FN": 3,
          "Precision": 0.6111111111111112,
          "Recall": 0.7857142857142857,
          "F1": 0.6875000000000001
        },
        "function": {
          "TP": 50,
          "FP": 25,
          "FN": 4,
          "Precision": 0.6666666666666666,
          "Recall": 0.9259259259259259,
          "F1": 0.7751937984496123
        },
        "import": {
          "TP": 7,
          "FP": 4,
          "FN": 13,
          "Precision": 0.6363636363636364,
          "Recall": 0.35,
          "F1": 0.45161290322580644
        },
        "method": {
          "TP": 19,
          "FP": 5,
          "FN": 8,
          "Precision": 0.7916666666666666,
          "Recall": 0.7037037037037037,
          "F1": 0.7450980392156864
        },
        "variable": {
          "TP": 5,
          "FP": 18,
          "FN": 15,
          "Precision": 0.21739130434782608,
          "Recall": 0.25,
          "F1": 0.23255813953488372
        },
        "Tool": "Vulture (0%)"
      }
    },
    {
      "name": "Vulture (60%)",
      "time": 0.20173072814941406,
      "memory_mb": 20.30078125,
      "issues": 158,
      "f1_score": 0.6433566433566432,
      "stats": {
        "overall": {
          "TP": 92,
          "FP": 59,
          "FN": 43,
          "Precision": 0.609271523178808,
          "Recall": 0.6814814814814815,
          "F1": 0.6433566433566432
        },
        "class": {
          "TP": 11,
          "FP": 7,
          "FN": 3,
          "Precision": 0.6111111111111112,
          "Recall": 0.7857142857142857,
          "F1": 0.6875000000000001
        },
        "function": {
          "TP": 50,
          "FP": 25,
          "FN": 4,
          "Precision": 0.6666666666666666,
          "Recall": 0.9259259259259259,
          "F1": 0.7751937984496123
        },
        "import": {
          "TP": 7,
          "FP": 4,
          "FN": 13,
          "Precision": 0.6363636363636364,
          "Recall": 0.35,
          "F1": 0.45161290322580644
        },
        "method": {
          "TP": 19,
          "FP": 5,
          "FN": 8,
          "Precision": 0.7916666666666666,
          "Recall": 0.7037037037037037,
          "F1": 0.7450980392156864
        },
        "variable": {
          "TP": 5,
          "FP": 18,
          "FN": 15,
          "Precision": 0.21739130434782608,
          "Recall": 0.25,
          "F1": 0.23255813953488372
        },
        "Tool": "Vulture (60%)"
      }
    },
    {
      "name": "Flake8",
      "time": 1.1491668224334717,
      "memory_mb": 272.75,
      "issues": 186,
      "f1_score": 0.19161676646706588,
      "stats": {
        "overall": {
          "TP": 16,
          "FP": 16,
          "FN": 119,
          "Precision": 0.5,
          "Recall": 0.11851851851851852,
          "F1": 0.19161676646706588
        },
        "class": {
          "TP": 0,
          "FP": 0,
          "FN": 14,
          "Precision": 0,
          "Recall": 0.0,
          "F1": 0
        },
        "function": {
          "TP": 0,
          "FP": 0,
          "FN": 54,
          "Precision": 0,
          "Recall": 0.0,
          "F1": 0
        },
        "import": {
          "TP": 16,
          "FP": 16,
          "FN": 4,
          "Precision": 0.5,