{
  "timestamp": 1765618454.717046,
  "platform": "win32",
  "results": [
    {
      "name": "CytoScnPy (Rust)",
      "time": 0.6820626258850098,
      "memory_mb": 13.80859375,
      "issues": 92,
      "f1_score": 0.6260162601626016,
      "stats": {
        "overall": {
          "TP": 77,
          "FP": 38,
          "FN": 54,
          "Precision": 0.6695652173913044,
          "Recall": 0.5877862595419847,
          "F1": 0.6260162601626016
        },
        "class": {
          "TP": 11,
          "FP": 5,
          "FN": 3,
          "Precision": 0.6875,
          "Recall": 0.7857142857142857,
          "F1": 0.7333333333333334
        },
        "function": {
          "TP": 37,
          "FP": 17,
          "FN": 14,
          "Precision": 0.6851851851851852,
          "Recall": 0.7254901960784313,
          "F1": 0.7047619047619048
        },
        "import": {
          "TP": 7,
          "FP": 6,
          "FN": 12,
          "Precision": 0.5384615384615384,
          "Recall": 0.3684210526315789,
          "F1": 0.4375
        },
        "method": {
          "TP": 19,
          "FP": 4,
          "FN": 8,
          "Precision": 0.8260869565217391,
          "Recall": 0.7037037037037037,
          "F1": 0.76
        },
        "variable": {
          "TP": 3,
          "FP": 6,
          "FN": 17,
          "Precision": 0.3333333333333333,
          "Recall": 0.15,
          "F1": 0.20689655172413793
        },
        "Tool": "CytoScnPy (Rust)"
      }
    },
    {
      "name": "Skylos",
      "time": 7.396989345550537,
      "memory_mb": 64.4140625,
      "issues": 93,
      "f1_score": 0.5714285714285715,
      "stats": {
        "overall": {
          "TP": 64,
          "FP": 29,
          "FN": 67,
          "Precision": 0.6881720430107527,
          "Recall": 0.48854961832061067,
          "F1": 0.5714285714285715
        },
        "class": {
          "TP": 11,
          "FP": 8,
          "FN": 3,
          "Precision": 0.5789473684210527,
          "Recall": 0.7857142857142857,
          "F1": 0.6666666666666667
        },
        "function": {
          "TP": 29,
          "FP": 6,
          "FN": 22,
          "Precision": 0.8285714285714286,
          "Recall": 0.5686274509803921,
          "F1": 0.6744186046511628
        },
        "import": {
          "TP": 5,
          "FP": 7,
          "FN": 14,
          "Precision": 0.4166666666666667,
          "Recall": 0.2631578947368421,
          "F1": 0.3225806451612903
        },
        "method": {
          "TP": 16,
          "FP": 4,
          "FN": 11,
          "Precision": 0.8,
          "Recall": 0.5925925925925926,
          "F1": 0.6808510638297872
        },
        "variable": {
          "TP": 3,
          "FP": 4,
          "FN": 17,
          "Precision": 0.42857142857142855,
          "Recall": 0.15,
          "F1": 0.2222222222222222
        },
        "Tool": "Skylos"
      }
    },
    {
      "name": "Vulture (0%)",
      "time": 0.3228111267089844,
      "memory_mb": 19.7265625,
      "issues": 148,
      "f1_score": 0.6470588235294118,
      "stats": {
        "overall": {
          "TP": 88,
          "FP": 53,
          "FN": 43,
          "Precision": 0.624113475177305,
          "Recall": 0.6717557251908397,
          "F1": 0.6470588235294118
        },
        "class": {
          "TP": 11,
          "FP": 8,
          "FN": 3,
          "Precision": 0.5789473684210527,
          "Recall": 0.7857142857142857,
          "F1": 0.6666666666666667
        },
        "function": {
          "TP": 47,
          "FP": 21,
          "FN": 4,
          "Precision": 0.6911764705882353,
          "Recall": 0.9215686274509803,
          "F1": 0.7899159663865546
        },
        "import": {
          "TP": 6,
          "FP": 5,
          "FN": 13,
          "Precision": 0.5454545454545454,
          "Recall": 0.3157894736842105,
          "F1": 0.39999999999999997
        },
        "method": {
          "TP": 19,
          "FP": 5,
          "FN": 8,
          "Precision": 0.7916666666666666,
          "Recall": 0.7037037037037037,
          "F1": 0.7450980392156864
        },
        "variable": {
          "TP": 5,
          "FP": 14,
          "FN": 15,
          "Precision": 0.2631578947368421,
          "Recall": 0.25,
          "F1": 0.25641025641025644
        },
        "Tool": "Vulture (0%)"
      }
    },
    {
      "name": "Vulture (60%)",
      "time": 0.21207165718078613,
      "memory_mb": 20.19921875,
      "issues": 148,
      "f1_score": 0.6470588235294118,
      "stats": {
        "overall": {
          "TP": 88,
          "FP": 53,
          "FN": 43,
          "Precision": 0.624113475177305,
          "Recall": 0.6717557251908397,
          "F1": 0.6470588235294118
        },
        "class": {
          "TP": 11,
          "FP": 8,
          "FN": 3,
          "Precision": 0.5789473684210527,
          "Recall": 0.7857142857142857,
          "F1": 0.6666666666666667
        },
        "function": {
          "TP": 47,
          "FP": 21,
          "FN": 4,
          "Precision": 0.6911764705882353,
          "Recall": 0.9215686274509803,
          "F1": 0.7899159663865546
        },
        "import": {
          "TP": 6,
          "FP": 5,
          "FN": 13,
          "Precision": 0.5454545454545454,
          "Recall": 0.3157894736842105,
          "F1": 0.39999999999999997
        },
        "method": {
          "TP": 19,
          "FP": 5,
          "FN": 8,
          "Precision": 0.7916666666666666,
          "Recall": 0.7037037037037037,
          "F1": 0.7450980392156864
        },
        "variable": {
          "TP": 5,
          "FP": 14,
          "FN": 15,
          "Precision": 0.2631578947368421,
          "Recall": 0.25,
          "F1": 0.25641025641025644
        },
        "Tool": "Vulture (60%)"
      }
    },
    {
      "name": "deadcode",
      "time": 0.5431065559387207,
      "memory_mb": 29.0546875,
      "issues": 139,
      "f1_score": 0.6666666666666666,
      "stats": {
        "overall": {
          "TP": 90,
          "FP": 49,
          "FN": 41,
          "Precision": 0.6474820143884892,
          "Recall": 0.6870229007633588,
          "F1": 0.6666666666666666
        },
        "class": {
          "TP": 11,
          "FP": 8,
          "FN": 3,
          "Precision": 0.5789473684210527,
          "Recall": 0.7857142857142857,
          "F1": 0.6666666666666667
        },
        "function": {
          "TP": 47,
          "FP": 21,
          "FN": 4,
          "Precision": 0.6911764705882353,
          "Recall": 0.9215686274509803,
          "F1": 0.7899159663865546
        },
        "import": {
          "TP": 8,
          "FP": 5,
          "FN": 11,
          "Precision": 0.6153846153846154,
          "Recall": 0.42105263157894735,
          "F1": 0.5
        },
        "method": {
          "TP": 19,
          "FP": 5,
          "FN": 8,
          "Precision": 0.7916666666666666,
          "Recall": 0.7037037037037037,
          "F1": 0.7450980392156864
        },
        "variable": {
          "TP": 5,
          "FP": 10,
          "FN": 15,
          "Precision": 0.3333333333333333,
          "Recall": 0.25,
          "F1": 0.28571428571428575
        },
        "Tool": "deadcode"
      }
    }
  ]
}