{
  "timestamp": 1765549042.8360503,
  "platform": "win32",
  "results": [
    {
      "name": "CytoScnPy (Rust)",
      "time": 0.044286251068115234,
      "memory_mb": 9.109375,
      "issues": 103,
      "f1_score": 0.5968992248062016,
      "stats": {
        "overall": {
          "TP": 77,
          "FP": 50,
          "FN": 54,
          "Precision": 0.6062992125984252,
          "Recall": 0.5877862595419847,
          "F1": 0.5968992248062016
        },
        "class": {
          "TP": 11,
          "FP": 5,
          "FN": 3,
          "Precision": 0.6875,
          "Recall": 0.7857142857142857,
          "F1": 0.7333333333333334
        },
        "function": {
          "TP": 37,
          "FP": 25,
          "FN": 14,
          "Precision": 0.5967741935483871,
          "Recall": 0.7254901960784313,
          "F1": 0.6548672566371682
        },
        "import": {
          "TP": 7,
          "FP": 7,
          "FN": 12,
          "Precision": 0.5,
          "Recall": 0.3684210526315789,
          "F1": 0.4242424242424242
        },
        "method": {
          "TP": 19,
          "FP": 5,
          "FN": 8,
          "Precision": 0.7916666666666666,
          "Recall": 0.7037037037037037,
          "F1": 0.7450980392156864
        },
        "variable": {
          "TP": 3,
          "FP": 8,
          "FN": 17,
          "Precision": 0.2727272727272727,
          "Recall": 0.15,
          "F1": 0.19354838709677416
        },
        "Tool": "CytoScnPy (Rust)"
      }
    },
    {
      "name": "CytoScnPy (Python)",
      "time": 0.13166165351867676,
      "memory_mb": 26.94921875,
      "issues": 103,
      "f1_score": 0.5968992248062016,
      "stats": {
        "overall": {
          "TP": 77,
          "FP": 50,
          "FN": 54,
          "Precision": 0.6062992125984252,
          "Recall": 0.5877862595419847,
          "F1": 0.5968992248062016
        },
        "class": {
          "TP": 11,
          "FP": 5,
          "FN": 3,
          "Precision": 0.6875,
          "Recall": 0.7857142857142857,
          "F1": 0.7333333333333334
        },
        "function": {
          "TP": 37,
          "FP": 25,
          "FN": 14,
          "Precision": 0.5967741935483871,
          "Recall": 0.7254901960784313,
          "F1": 0.6548672566371682
        },
        "import": {
          "TP": 7,
          "FP": 7,
          "FN": 12,
          "Precision": 0.5,
          "Recall": 0.3684210526315789,
          "F1": 0.4242424242424242
        },
        "method": {
          "TP": 19,
          "FP": 5,
          "FN": 8,
          "Precision": 0.7916666666666666,
          "Recall": 0.7037037037037037,
          "F1": 0.7450980392156864
        },
        "variable": {
          "TP": 3,
          "FP": 8,
          "FN": 17,
          "Precision": 0.2727272727272727,
          "Recall": 0.15,
          "F1": 0.19354838709677416
        },
        "Tool": "CytoScnPy (Python)"
      }
    },
    {
      "name": "Skylos",
      "time": 2.1475210189819336,
      "memory_mb": 64.4375,
      "issues": 93,
      "f1_score": 0.5714285714285715,
      "stats": {
        "overall": {
          "TP": 64,
          "FP": 29,
          "FN": 67,
          "Precision": 0.6881720430107527,
          "Recall": 0.48854961832061067,
          "F1": 0.5714285714285715
        },
        "class": {
          "TP": 11,
          "FP": 8,
          "FN": 3,
          "Precision": 0.5789473684210527,
          "Recall": 0.7857142857142857,
          "F1": 0.6666666666666667
        },
        "function": {
          "TP": 29,
          "FP": 6,
          "FN": 22,
          "Precision": 0.8285714285714286,
          "Recall": 0.5686274509803921,
          "F1": 0.6744186046511628
        },
        "import": {
          "TP": 5,
          "FP": 7,
          "FN": 14,
          "Precision": 0.4166666666666667,
          "Recall": 0.2631578947368421,
          "F1": 0.3225806451612903
        },
        "method": {
          "TP": 16,
          "FP": 4,
          "FN": 11,
          "Precision": 0.8,
          "Recall": 0.5925925925925926,
          "F1": 0.6808510638297872
        },
        "variable": {
          "TP": 3,
          "FP": 4,
          "FN": 17,
          "Precision": 0.42857142857142855,
          "Recall": 0.15,
          "F1": 0.2222222222222222
        },
        "Tool": "Skylos"
      }
    },
    {
      "name": "Vulture (0%)",
      "time": 0.21758246421813965,
      "memory_mb": 19.6328125,
      "issues": 148,
      "f1_score": 0.6470588235294118,
      "stats": {
        "overall": {
          "TP": 88,
          "FP": 53,
          "FN": 43,
          "Precision": 0.624113475177305,
          "Recall": 0.6717557251908397,
          "F1": 0.6470588235294118
        },
        "class": {
          "TP": 11,
          "FP": 8,
          "FN": 3,
          "Precision": 0.5789473684210527,
          "Recall": 0.7857142857142857,
          "F1": 0.6666666666666667
        },
        "function": {
          "TP": 47,
          "FP": 21,
          "FN": 4,
          "Precision": 0.6911764705882353,
          "Recall": 0.9215686274509803,
          "F1": 0.7899159663865546
        },
        "import": {
          "TP": 6,
          "FP": 5,
          "FN": 13,
          "Precision": 0.5454545454545454,
          "Recall": 0.3157894736842105,
          "F1": 0.39999999999999997
        },
        "method": {
          "TP": 19,
          "FP": 5,
          "FN": 8,
          "Precision": 0.7916666666666666,
          "Recall": 0.7037037037037037,
          "F1": 0.7450980392156864
        },
        "variable": {
          "TP": 5,
          "FP": 14,
          "FN": 15,
          "Precision": 0.2631578947368421,
          "Recall": 0.25,
          "F1": 0.25641025641025644
        },
        "Tool": "Vulture (0%)"
      }
    },
    {
      "name": "Vulture (60%)",
      "time": 0.2102961540222168,
      "memory_mb": 19.99609375,
      "issues": 148,
      "f1_score": 0.6470588235294118,
      "stats": {
        "overall": {
          "TP": 88,
          "FP": 53,
          "FN": 43,
          "Precision": 0.624113475177305,
          "Recall": 0.6717557251908397,
          "F1": 0.6470588235294118
        },
        "class": {
          "TP": 11,
          "FP": 8,
          "FN": 3,
          "Precision": 0.5789473684210527,
          "Recall": 0.7857142857142857,
          "F1": 0.6666666666666667
        },
        "function": {
          "TP": 47,
          "FP": 21,
          "FN": 4,
          "Precision": 0.6911764705882353,
          "Recall": 0.9215686274509803,
          "F1": 0.7899159663865546
        },
        "import": {
          "TP": 6,
          "FP": 5,
          "FN": 13,
          "Precision": 0.5454545454545454,
          "Recall": 0.3157894736842105,
          "F1": 0.39999999999999997
        },
        "method": {
          "TP": 19,
          "FP": 5,
          "FN": 8,
          "Precision": 0.7916666666666666,
          "Recall": 0.7037037037037037,
          "F1": 0.7450980392156864
        },
        "variable": {
          "TP": 5,
          "FP": 14,
          "FN": 15,
          "Precision": 0.2631578947368421,
          "Recall": 0.25,
          "F1": 0.25641025641025644
        },
        "Tool": "Vulture (60%)"
      }
    },
    {
      "name": "Flake8",
      "time": 2.2406585216522217,
      "memory_mb": 270.3125,
      "issues": 181,
      "f1_score": 0.18404907975460122,
      "stats": {
        "overall": {
          "TP": 15,
          "FP": 17,
          "FN": 116,
          "Precision": 0.46875,
          "Recall": 0.11450381679389313,
          "F1": 0.18404907975460122
        },
        "class": {
          "TP": 0,
          "FP": 0,
          "FN": 14,
          "Precision": 0,
          "Recall": 0.0,
          "F1": 0
        },
        "function": {
          "TP": 0,
          "FP": 0,
          "FN": 51,
          "Precision": 0,
          "Recall": 0.0,