{
  "results": [
    {
      "command": "target\\release\\cytoscnpy-bin.exe analyze benchmark\\datasets\\small_requests --json",
      "mean": 0.09534733000000001,
      "stddev": 0.02496241073692287,
      "median": 0.08812782000000001,
      "user": 0.09421874999999999,
      "system": 0.08531249999999997,
      "min": 0.06259122000000002,
      "max": 0.15248182000000002,
      "times": [
        0.07591772000000001,
        0.11626652000000001,
        0.12821002,
        0.08575242000000001,
        0.08528192000000001,
        0.07204882000000001,
        0.15248182000000002,
        0.14700462,
        0.06790502000000001,
        0.07170952000000001,
        0.06259122000000002,
        0.07728622000000002,
        0.09050322000000001,
        0.10238202000000002,
        0.08332362000000001,
        0.10015662000000002,
        0.10860452000000001,
        0.09343562000000001,
        0.08487122000000001,
        0.10121392000000001
      ],
      "memory_usage_byte": [
        0,
        0,
        0,
        0,
        0,
        0,
        0,
        0,
        0,
        0,
        0,
        0,
        0,
        0,
        0,
        0,
        0,
        0,
        0,
        0
      ],
      "exit_codes": [
        0,
        0,
        0,
        0,
        0,
        0,
        0,
        0,
        0,
        0,
        0,
        0,
        0,
        0,
        0,
        0,
        0,
        0,
        0,
        0
      ]
    }
  ]
}
