{
  "results": [
    {
      "command": "target\\release\\cytoscnpy-bin.exe analyze benchmark\\datasets\\massive_tensorflow --json",
      "mean": 3.460941750000001,
      "stddev": 0.7186258817386201,
      "median": 3.7443378000000003,
      "user": 15.167031249999999,
      "system": 1.3084375,
      "min": 2.1945947500000003,
      "max": 5.15841675,
      "times": [
        3.80775575,
        3.74540945,
        3.80043685,
        4.04538445,
        3.84467515,
        3.81351555,
        3.74326615,
        3.79537525,
        5.15841675,
        4.13417075,
        3.2695069500000002,
        2.1945947500000003,
        2.4586806500000002,
        2.91051385,
        2.25063475,
        3.14755155,
        3.97992085,
        3.20989525,
        2.96461665,
        2.94451365
      ],
      "memory_usage_byte": [
        0,
        0,
        0,
        0,
        0,
        0,
        0,
        0,
        0,
        0,
        0,
        0,
        0,
        0,
        0,
        0,
        0,
        0,
        0,
        0
      ],
      "exit_codes": [
        0,
        0,
        0,
        0,
        0,
        0,
        0,
        0,
        0,
        0,
        0,
        0,
        0,
        0,
        0,
        0,
        0,
        0,
        0,
        0
      ]
    }
  ]
}
