{
  "results": [
    {
      "command": "target\\release\\cytoscnpy-bin.exe analyze benchmark\\datasets\\tiny_flask --json",
      "mean": 0.11410277199999999,
      "stddev": 0.01862495393829415,
      "median": 0.10833233199999999,
      "user": 0.20515625000000007,
      "system": 0.14343750000000005,
      "min": 0.08707073200000001,
      "max": 0.155007232,
      "times": [
        0.09514373200000001,
        0.093059432,
        0.102339332,
        0.08707073200000001,
        0.10503863199999999,
        0.09937353200000001,
        0.10361763200000002,
        0.096095032,
        0.11857963199999999,
        0.096969632,
        0.11872633199999999,
        0.10604913199999999,
        0.135292032,
        0.137957432,
        0.134652532,
        0.155007232,
        0.11061553199999999,
        0.12923253199999998,
        0.130901132,
        0.126334232
      ],
      "memory_usage_byte": [
        0,
        0,
        0,
        0,
        0,
        0,
        0,
        0,
        0,
        0,
        0,
        0,
        0,
        0,
        0,
        0,
        0,
        0,
        0,
        0
      ],
      "exit_codes": [
        0,
        0,
        0,
        0,
        0,
        0,
        0,
        0,
        0,
        0,
        0,
        0,
        0,
        0,
        0,
        0,
        0,
        0,
        0,
        0
      ]
    }
  ]
}
