{
  "results": [
    {
      "command": "target\\release\\cytoscnpy-bin.exe analyze benchmark\\datasets\\medium_fastapi --json",
      "mean": 0.38118167699999994,
      "stddev": 0.08835241923816997,
      "median": 0.34948353200000004,
      "user": 1.0809374999999997,
      "system": 0.36296874999999984,
      "min": 0.294070482,
      "max": 0.6068184820000001,
      "times": [
        0.393385582,
        0.303452582,
        0.294070482,
        0.326709282,
        0.341561882,
        0.333461282,
        0.355412882,
        0.335445282,
        0.354213082,
        0.375237082,
        0.352269082,
        0.307303582,
        0.346697982,
        0.6053907820000001,
        0.6068184820000001,
        0.456184882,
        0.463145082,
        0.340941382,
        0.342359782,
        0.389573082
      ],
      "memory_usage_byte": [
        0,
        0,
        0,
        0,
        0,
        0,
        0,
        0,
        0,
        0,
        0,
        0,
        0,
        0,
        0,
        0,
        0,
        0,
        0,
        0
      ],
      "exit_codes": [
        0,
        0,
        0,
        0,
        0,
        0,
        0,
        0,
        0,
        0,
        0,
        0,
        0,
        0,
        0,
        0,
        0,
        0,
        0,
        0
      ]
    }
  ]
}
