{
  "results": [
    {
      "command": "target\\release\\cytoscnpy-bin.exe analyze benchmark\\datasets\\large_django --json",
      "mean": 1.58118894,
      "stddev": 0.35216662074483013,
      "median": 1.78869223,
      "user": 6.509531250000002,
      "system": 0.94375,
      "min": 0.9698582800000001,
      "max": 2.11146078,
      "times": [
        1.50462968,
        0.9940907800000001,
        1.00123208,
        1.3936342800000001,
        1.34479248,
        0.9698582800000001,
        0.99232908,
        1.45002758,
        1.8265185800000001,
        1.80243308,
        1.84159598,
        2.11146078,
        1.78290908,
        1.85255878,
        1.79144498,
        1.79752538,
        1.7865411800000002,
        1.79250938,
        1.79684408,
        1.79084328
      ],
      "memory_usage_byte": [
        0,
        0,
        0,
        0,
        0,
        0,
        0,
        0,
        0,
        0,
        0,
        0,
        0,
        0,
        0,
        0,
        0,
        0,
        0,
        0
      ],
      "exit_codes": [
        0,
        0,
        0,
        0,
        0,
        0,
        0,
        0,
        0,
        0,
        0,
        0,
        0,
        0,
        0,
        0,
        0,
        0,
        0,
        0
      ]
    }
  ]
}
